Page,Job URLs Found,Rows Added,Timestamp
501,35,51,2026-09-28T16:22:00
502,35,75,2026-09-28T16:22:52
503,35,57,2026-09-28T16:23:45
504,35,50,2026-09-28T16:24:37
505,35,62,2026-09-28T16:25:32
506,35,54,2026-09-28T16:26:24
507,35,41,2026-09-28T16:27:15
508,35,42,2026-09-28T16:28:04
509,35,41,2026-09-28T16:28:55
510,35,49,2026-09-28T16:29:47
511,35,63,2026-09-28T16:30:38
512,35,43,2026-09-28T16:31:29
513,35,51,2026-09-28T16:32:18
514,35,76,2026-09-28T16:33:10
515,35,52,2026-09-28T16:34:01
516,35,58,2026-09-28T16:56:29
517,35,64,2026-09-28T16:58:29
518,35,62,2026-09-28T17:00:40
519,35,60,2026-09-28T17:02:24
520,35,50,2026-09-28T17:04:04
521,35,50,2026-09-28T17:05:42
522,35,58,2026-09-28T17:07:21
523,35,42,2026-09-28T17:09:02
524,35,75,2026-09-28T17:10:41
525,35,82,2026-09-28T17:12:27
526,35,81,2026-09-28T17:14:36
527,35,53,2026-09-28T17:58:42
528,35,65,2026-09-28T17:59:35
529,35,115,2026-09-28T18:00:30
530,35,57,2026-09-28T18:01:25
531,35,49,2026-09-28T18:02:20
532,35,61,2026-09-28T18:03:13
533,35,57,2026-09-28T18:04:07
534,35,41,2026-09-28T18:05:03
535,35,288,2026-09-28T18:05:58
536,35,61,2026-09-28T18:06:52
537,35,58,2026-09-28T18:07:44
538,35,54,2026-09-28T18:08:38
539,35,66,2026-09-28T18:09:31
540,35,42,2026-09-28T18:10:26
541,35,72,2026-09-28T18:11:20
